<ImportExportXml version="9.2.21061.146" SolutionPackageVersion="9.2" languagecode="1033" generatedBy="CrmLive" xmlns:xsi="http://www.w3.org/2001/XMLSchema-instance">
  <SolutionManifest>
    <UniqueName>ProServ</UniqueName>
    <LocalizedNames>
      <LocalizedName description="ProServ" languagecode="1033" />
    </LocalizedNames>
    <Descriptions />
    <Version>1.0.0.7</Version>
    <Managed>1</Managed>
    <Publisher>
      <UniqueName>Neudesic</UniqueName>
      <LocalizedNames>
        <LocalizedName description="Neudesic" languagecode="1033" />
      </LocalizedNames>
      <Descriptions />
      <EMailAddress xsi:nil="true"></EMailAddress>
      <SupportingWebsiteUrl xsi:nil="true"></SupportingWebsiteUrl>
      <CustomizationPrefix>neu</CustomizationPrefix>
      <CustomizationOptionValuePrefix>10000</CustomizationOptionValuePrefix>
      <Addresses>
        <Address>
          <AddressNumber>1</AddressNumber>
          <AddressTypeCode>1</AddressTypeCode>
          <City xsi:nil="true"></City>
          <County xsi:nil="true"></County>
          <Country xsi:nil="true"></Country>
          <Fax xsi:nil="true"></Fax>
          <FreightTermsCode xsi:nil="true"></FreightTermsCode>
          <ImportSequenceNumber xsi:nil="true"></ImportSequenceNumber>
          <Latitude xsi:nil="true"></Latitude>
          <Line1 xsi:nil="true"></Line1>
          <Line2 xsi:nil="true"></Line2>
          <Line3 xsi:nil="true"></Line3>
          <Longitude xsi:nil="true"></Longitude>
          <Name xsi:nil="true"></Name>
          <PostalCode xsi:nil="true"></PostalCode>
          <PostOfficeBox xsi:nil="true"></PostOfficeBox>
          <PrimaryContactName xsi:nil="true"></PrimaryContactName>
          <ShippingMethodCode>1</ShippingMethodCode>
          <StateOrProvince xsi:nil="true"></StateOrProvince>
          <Telephone1 xsi:nil="true"></Telephone1>
          <Telephone2 xsi:nil="true"></Telephone2>
          <Telephone3 xsi:nil="true"></Telephone3>
          <TimeZoneRuleVersionNumber xsi:nil="true"></TimeZoneRuleVersionNumber>
          <UPSZone xsi:nil="true"></UPSZone>
          <UTCOffset xsi:nil="true"></UTCOffset>
          <UTCConversionTimeZoneCode xsi:nil="true"></UTCConversionTimeZoneCode>
        </Address>
        <Address>
          <AddressNumber>2</AddressNumber>
          <AddressTypeCode>1</AddressTypeCode>
          <City xsi:nil="true"></City>
          <County xsi:nil="true"></County>
          <Country xsi:nil="true"></Country>
          <Fax xsi:nil="true"></Fax>
          <FreightTermsCode xsi:nil="true"></FreightTermsCode>
          <ImportSequenceNumber xsi:nil="true"></ImportSequenceNumber>
          <Latitude xsi:nil="true"></Latitude>
          <Line1 xsi:nil="true"></Line1>
          <Line2 xsi:nil="true"></Line2>
          <Line3 xsi:nil="true"></Line3>
          <Longitude xsi:nil="true"></Longitude>
          <Name xsi:nil="true"></Name>
          <PostalCode xsi:nil="true"></PostalCode>
          <PostOfficeBox xsi:nil="true"></PostOfficeBox>
          <PrimaryContactName xsi:nil="true"></PrimaryContactName>
          <ShippingMethodCode>1</ShippingMethodCode>
          <StateOrProvince xsi:nil="true"></StateOrProvince>
          <Telephone1 xsi:nil="true"></Telephone1>
          <Telephone2 xsi:nil="true"></Telephone2>
          <Telephone3 xsi:nil="true"></Telephone3>
          <TimeZoneRuleVersionNumber xsi:nil="true"></TimeZoneRuleVersionNumber>
          <UPSZone xsi:nil="true"></UPSZone>
          <UTCOffset xsi:nil="true"></UTCOffset>
          <UTCConversionTimeZoneCode xsi:nil="true"></UTCConversionTimeZoneCode>
        </Address>
      </Addresses>
    </Publisher>
    <RootComponents>
      <RootComponent type="1" schemaName="account" behavior="0" />
      <RootComponent type="1" schemaName="crf99_generalledger" behavior="0" />
      <RootComponent type="1" schemaName="neu_announcement" behavior="0" />
      <RootComponent type="1" schemaName="neu_configurationinformation" behavior="0" />
      <RootComponent type="1" schemaName="neu_engagementdataset" behavior="0" />
      <RootComponent type="1" schemaName="neu_presentationmaterial" behavior="0" />
      <RootComponent type="1" schemaName="neu_project" behavior="0" />
      <RootComponent type="1" schemaName="neu_projectfile" behavior="0" />
      <RootComponent type="1" schemaName="neu_projecttasks" behavior="0" />
      <RootComponent type="1" schemaName="neu_template" behavior="0" />
      <RootComponent type="9" schemaName="neu_reporttype" behavior="0" />
      <RootComponent type="9" schemaName="neu_templatetype" behavior="0" />
      <RootComponent type="9" schemaName="neu_type" behavior="0" />
      <RootComponent type="9" schemaName="neu_vertical" behavior="0" />
      <RootComponent type="60" id="{135f27f8-eb1a-49b7-85ad-345012752efc}" behavior="0" />
      <RootComponent type="60" id="{793e63c5-6584-43ee-99bb-1f80fc0b2a23}" behavior="0" />
      <RootComponent type="60" id="{7b5eb27f-e0b7-4876-9ff3-0074652ee625}" behavior="0" />
      <RootComponent type="60" id="{7c141adf-f3ca-eb11-bacc-000d3a5a1aee}" behavior="0" />
      <RootComponent type="60" id="{8448b78f-8f42-454e-8e2a-f8196b0419af}" behavior="0" />
      <RootComponent type="60" id="{8a872e0f-3f12-4f41-81de-a9e9812e114d}" behavior="0" />
      <RootComponent type="60" id="{8cd80210-c92d-4ccf-8359-457ec74eab7a}" behavior="0" />
      <RootComponent type="60" id="{8e702318-56ae-4eaa-bab9-697d509ce34d}" behavior="0" />
      <RootComponent type="60" id="{c0cfbd61-6425-427d-80b2-9ef22fd8ca41}" behavior="0" />
      <RootComponent type="60" id="{f63c7d3d-941b-4880-acf6-26a626e5425e}" behavior="0" />
      <RootComponent type="62" schemaName="new_ProServe" behavior="0" />
      <RootComponent type="300" schemaName="neu_engagementcenterdemo_81047" behavior="0" />
    </RootComponents>
    <MissingDependencies>
      <MissingDependency>
        <Required type="1" schemaName="adx_invitation" displayName="Invitation" solution="MicrosoftPortalBase (9.2.2103.1)" />
        <Dependent type="1" schemaName="account" displayName="Account" />
      </MissingDependency>
      <MissingDependency>
        <Required type="1" schemaName="crf99_generaljournal" displayName="General Journal" solution="Active" />
        <Dependent type="300" schemaName="neu_engagementcenterdemo_81047" displayName="Engagement Center Demo" />
      </MissingDependency>
      <MissingDependency>
        <Required type="1" schemaName="crf99_generaljournal" displayName="General Journal" solution="Active" />
        <Dependent type="62" schemaName="new_ProServe" />
      </MissingDependency>
      <MissingDependency>
        <Required type="10" schemaName="msa_account_managingpartner" displayName="msa_account_managingpartner" parentSchemaName="account" parentDisplayName="Account" solution="MicrosoftPortalDependencies (9.2.2103.0)" />
        <Dependent type="2" schemaName="msa_managingpartneridname" parentSchemaName="account" parentDisplayName="Account" />
      </MissingDependency>
      <MissingDependency>
        <Required type="10" schemaName="msa_account_managingpartner" displayName="msa_account_managingpartner" parentSchemaName="account" parentDisplayName="Account" solution="MicrosoftPortalDependencies (9.2.2103.0)" />
        <Dependent type="2" schemaName="msa_managingpartneridyominame" parentSchemaName="account" parentDisplayName="Account" />
      </MissingDependency>
      <MissingDependency>
        <Required type="2" schemaName="msa_managingpartnerid" displayName="Managing Partner" parentSchemaName="account" parentDisplayName="Account" solution="MicrosoftPortalDependencies (9.2.2103.0)" />
        <Dependent type="10" schemaName="msa_account_managingpartner" displayName="msa_account_managingpartner" parentSchemaName="account" parentDisplayName="Account" />
      </MissingDependency>
      <MissingDependency>
        <Required type="60" displayName="account contact card" parentDisplayName="Contact" solution="msdynce_AppCommon (9.0.4.0066)" id="{29de27bc-a257-4f29-99cf-bab4a84e688f}" />
        <Dependent type="60" displayName="Account" parentDisplayName="Account" id="{8448b78f-8f42-454e-8e2a-f8196b0419af}" />
      </MissingDependency>
      <MissingDependency>
        <Required type="60" displayName="Account" parentDisplayName="Account" solution="msdynce_AppCommon (9.0.4.0066)" id="{8448b78f-8f42-454e-8e2a-f8196b0419af}" />
        <Dependent type="60" displayName="Account" parentDisplayName="Account" id="{8448b78f-8f42-454e-8e2a-f8196b0419af}" />
      </MissingDependency>
      <MissingDependency>
        <Required type="66" schemaName="MscrmControls.CardFeedContainer.CardFeedContainer" displayName="MscrmControls.CardFeedContainer.CardFeedContainer" solution="BaseCustomControlsCore (9.0.2106.1009)" />
        <Dependent type="60" displayName="Account" parentDisplayName="Account" id="{8448b78f-8f42-454e-8e2a-f8196b0419af}" />
      </MissingDependency>
    </MissingDependencies>
  </SolutionManifest>
</ImportExportXml>