{"schemaVersion":"1.0","appDefinitionTemplate":{"id":"/providers/Microsoft.PowerApps/apps/","type":"Microsoft.PowerApps/apps","tags":{"primaryDeviceWidth":"1366","primaryDeviceHeight":"768","sienaVersion":"20210713T124424Z-3.21063.39.0","deviceCapabilities":"","supportsPortrait":"false","supportsLandscape":"true","primaryFormFactor":"Tablet","publisherVersion":"3.21063.39","minimumRequiredApiVersion":"2.2.0","hasComponent":"true","hasUnlockedComponent":"true","isUnifiedRootApp":"false"},"properties":{"appVersion":"2021-07-13T12:44:24Z","lifeCycleId":"Published","createdByClientVersion":{"major":3,"minor":21063,"build":39,"revision":0,"majorRevision":0,"minorRevision":0},"minClientVersion":{"major":3,"minor":21063,"build":39,"revision":0,"majorRevision":0,"minorRevision":0},"backgroundColor":"rgba(0, 176, 240, 1)","backgroundImageUri":"/14874876340175019839/Na80ffad3-e204-4b08-aea4-c224701f981d-logoSmallFile","displayName":"Engagement Center Demo","description":"","commitMessage":"","appUris":{"documentUri":{"value":"/14874876340175019839/N4ecc66cc-131e-4805-9536-9f46d1cc44ba-document.msapp"},"imageUris":[]},"createdTime":"0001-01-01T00:00:00Z","lastModifiedTime":"0001-01-01T00:00:00Z","sharedGroupsCount":0,"sharedUsersCount":0,"icons":{"smallIconUri":"/14874876340175019839/N1e18c13b-ff55-4b57-b61a-677d37d47f4b-small.png","mediumIconUri":"/14874876340175019839/N15826795-6b90-4102-9ece-579da33de05e-medium.png","largeIconUri":"/14874876340175019839/Ndc702e4e-2168-4297-b27e-10d9b66f954d-large.png","wideIconUri":"/14874876340175019839/Nacbebabd-a2a0-4360-8958-abb7bd894e7a-wide.png"},"connectionReferences":{"31cf50bc-4750-4a48-b58c-1d49f42ea6e6":{"id":"ab204bfd-5587-4ce1-9199-959db1acb73a","displayName":"Office 365 Users","iconUri":"https://connectoricons-prod.azureedge.net/releases/v1.0.1472/1.0.1472.2427/office365users/icon.png","dataSources":["Office365Users"],"dependencies":[],"dependents":[],"parameterHints":{},"isOnPremiseConnection":false,"bypassConsent":false,"dataSets":{},"apiTier":"Standard","isCustomApiConnection":false},"0f0a08a3-a82d-47e2-bb8e-c9c9b5114e2c":{"id":"b69f7b85-6ea6-4942-931a-42e7f4df7ff4","displayName":"Power BI","iconUri":"https://connectoricons-prod.azureedge.net/releases/v1.0.1480/1.0.1480.2454/powerbi/icon.png","dataSources":["PowerBI"],"dependencies":[],"dependents":[],"parameterHints":{},"isOnPremiseConnection":false,"bypassConsent":false,"dataSets":{},"apiTier":"Standard","isCustomApiConnection":false}},"authorizationReferences":[{"resourceId":"powerbi"}],"databaseReferences":{"default.cds":{"databaseDetails":{"referenceType":"Environmental","environmentName":"default.cds","overrideValues":{"status":"NotSpecified"}},"dataSources":{"Project Files":{"entitySetName":"neu_projectfiles","logicalName":"neu_projectfile"},"Projects":{"entitySetName":"neu_projects","logicalName":"neu_project"},"Users":{"entitySetName":"systemusers","logicalName":"systemuser"},"Accounts":{"entitySetName":"accounts","logicalName":"account"},"Notes":{"entitySetName":"annotations","logicalName":"annotation"},"Templates":{"entitySetName":"neu_templates","logicalName":"neu_template"},"GeneralJournals":{"entitySetName":"crf99_generaljournals","logicalName":"crf99_generaljournal"},"Engagement Datasets":{"entitySetName":"neu_engagementdatasets","logicalName":"neu_engagementdataset"},"Announcements_1":{"entitySetName":"neu_announcements","logicalName":"neu_announcement"},"Announcements_2":{"entitySetName":"businessunitnewsarticles","logicalName":"businessunitnewsarticle"},"Project Tasks_1":{"entitySetName":"neu_projecttaskses","logicalName":"neu_projecttasks"},"Configuration Information":{"entitySetName":"neu_configurationinformations","logicalName":"neu_configurationinformation"}}}},"almMode":"Solution","performanceOptimizationEnabled":true,"canConsumeAppPass":true,"executionRestrictions":{"isTeamsOnly":false,"dataLossPreventionEvaluationResult":{"status":"Compliant","lastEvaluationDate":"2021-06-11T06:29:55.8491342Z","violations":[],"violationsByPolicy":[],"violationErrorMessage":"The app uses the following connectors: ."}}},"appType":"ClassicCanvasApp","appComponents":[]}}